miRNAs	n_geneset	hyper_pval	OR
dme-miR-263b-5p	0		
dme-miR-133-3p	0		
dme-miR-316-5p	1	0.5243571194627158	1.4684928141505957
dme-miR-1011-3p	1	0.564771601430823	1.3042471042471042
dme-miR-956-3p	0		
dme-miR-2489-3p	0		
dme-miR-4946-5p	1	0.8465566105440973	0.5410844629822732
dme-miR-4976-5p	0		
dme-miR-284-5p	0		
dme-miR-1005-3p	0		
dme-miR-79-5p	0		
dme-miR-4967-5p	3	0.1423538728341308	2.918462226195798
dme-miR-4982-3p	1	0.3175596750629174	2.9242459667991585
dme-miR-929-5p	2	0.17456827226274757	3.1480891719745223
dme-miR-4950-5p	0		
dme-miR-280-5p	3	0.2667185754031628	2.03678391959799
dme-miR-2494-3p	0		
dme-miR-4911-3p	1	0.8344522292739219	0.5667225618001839
dme-miR-956-5p	3	0.12101266417320876	3.1731543624161076
dme-miR-4947-5p	0		
dme-miR-9370-5p	2	0.1774784706108699	3.1124244812188073
dme-miR-7-3p	6	0.01260966101005867	6.799302788844622
dme-miR-315-3p	2	0.18400838882323897	3.0354391371340523
dme-miR-34-5p	0		
dme-miR-1000-5p	1	0.7432449217413424	0.7712891986062718
dme-miR-310-5p	0		
dme-miR-4940-5p	0		
dme-miR-4956-3p	0		
dme-miR-2280-3p	5	0.006046851413284441	7.757183908045977
dme-miR-9373-3p	0		
dme-miR-980-5p	4	0.09946457167164675	3.181702263308894
dme-miR-982-3p	1	0.43467938061485134	1.9347481786506178
dme-miR-2492-5p	0		
dme-miR-193-5p	1	0.40786088511776636	2.1122571772391265
dme-miR-2492-3p	4	0.12373235838804097	2.892581602373887
dme-miR-4975-5p	3	0.08064703340868211	3.8669693530079456
dme-miR-4953-3p	6	0.022275119873389482	5.790261335715881
dme-miR-2499-3p	1	0.23107013108923743	4.287402904424181
dme-miR-10-3p	0		
dme-miR-1006-3p	0		
dme-miR-277-3p	2	0.3681426158592885	1.777027027027027
dme-miR-970-3p	1	0.29767287376738943	3.1680969207470975
dme-miR-987-5p	1	0.6820129919208777	0.928
dme-miR-2498-5p	0		
dme-miR-1014-3p	1	0.7309350676904265	0.8012234616768622
dme-miR-4983-3p	2	0.31118750155407215	2.0482933914306463
dme-miR-9369-3p	3	0.2243316898641033	2.265234801601747
dme-miR-4958-5p	1	0.28686068509219376	3.3147074327886137
dme-miR-4973-5p	1	0.2257252998573348	4.4056865464632455
dme-miR-9381-3p	0		
dme-miR-124-3p	0		
dme-miR-79-3p	0		
dme-miR-9a-3p	0		
dme-miR-4943-5p	7	0.06747055524271207	5.592704333516182
dme-miR-9372-5p	1	0.5278460241359271	1.4533949866147482
dme-miR-2283-5p	7	0.001604049575121652	15.59498031496063
dme-miR-289-5p	5	0.08668788586734168	3.35361653272101
dme-miR-972-5p	4	0.2541893763378412	2.0204927469491136
dme-miR-4974-3p	2	0.6969270438882149	0.8692702603593693
dme-miR-210-5p	4	0.005855781961736037	8.603221083455344
dme-miR-1013-3p	4	0.02032153863637254	5.768833849329205
dme-miR-4949-5p	0		
dme-miR-279-3p	0		
dme-miR-286-3p	0		
dme-miR-996-3p	0		
dme-miR-978-5p	1	0.31318349420401437	2.975279296410744
dme-miR-283-3p	1	0.5513454138287822	1.356342857142857
dme-miR-9374-3p	0		
dme-miR-989-3p	2	0.043868233507769416	7.4058997050147495
dme-miR-210-3p.1	1	0.4413071232329618	1.8940993788819875
dme-miR-210-3p.2	0		
dme-miR-955-5p	0		
dme-miR-307a-3p	0		
dme-miR-1-3p	0		
dme-miR-9378-3p	0		
dme-miR-4967-3p	0		
dme-miR-4984-5p	1	0.30657318299433167	3.055095075572891
dme-miR-4961-3p	3	0.2565594275775177	2.087196995561625
dme-miR-975-3p	0		
dme-miR-4939-3p	1	0.14315822025026897	7.353142857142857
dme-miR-973-3p	3	0.005397340567570858	11.736677115987462
dme-miR-2280-5p	1	0.31799594824250593	2.919234360410831
dme-miR-318-5p	1	0.2712941829279033	3.546119235095613
dme-miR-4-5p	1	0.679994033359615	0.9335357347993763
dme-miR-iab-8-3p	1	0.3954141813822798	2.2025746468800285
dme-miR-991-3p	1	0.7041275603322288	0.869021906818883
dme-miR-9374-5p	1	0.32925372771865535	2.794446932377967
dme-miR-263a-3p	0		
dme-miR-972-3p	1	0.6334059534190591	1.0693032711143966
dme-miR-4969-5p	1	0.49595884942808804	1.5987785448751992
dme-miR-1003-5p	0		
dme-miR-4986-5p	0		
dme-miR-1008-5p	6	0.014974155672780475	6.485177151120752
dme-miR-2279-5p	7	0.001941409963342365	14.952187425292852
dme-miR-959-3p	1	0.34499398201999437	2.6334391534391535
dme-miR-9388-5p	2	0.5661259115748913	1.151947463768116
dme-let-7-3p	3	0.14529172890658032	2.887284005316792
dme-miR-1012-3p	0		
dme-miR-4-3p	1	0.553156251920493	1.3491810737033667
dme-miR-1017-3p	0		
dme-miR-3641-5p	1	0.41704820189212133	2.048955722639933
dme-miR-9c-3p	1	0.5032766222227054	1.5638823835545148
dme-miR-4948-3p	0		
dme-miR-1006-5p	0		
dme-miR-9382-5p	0		
dme-miR-3644-5p	0		
dme-miR-4914-5p	0		
dme-miR-4910-5p	3	0.26653625524135016	2.037667560321716
dme-miR-3642-5p	1	0.3616460041592993	2.478121878121878
dme-miR-3643-5p	0		
dme-miR-2279-3p	1	0.19397846702514	5.242200328407225
dme-miR-4909-3p	2	0.4458023673175225	1.488611111111111
dme-miR-303-3p	4	0.03537019005678465	4.756033347959631
dme-miR-3645-5p	1	0.35378306976285046	2.549671592775041
dme-miR-190-5p	0		
dme-miR-965-3p	0		
dme-miR-7-5p	0		
dme-miR-9a-5p	0		
dme-miR-9b-5p	0		
dme-miR-9c-5p	0		
dme-miR-137-3p	2	0.2361351176679859	2.5377544320420222
dme-miR-315-5p	1	0.8333115082673083	0.5691489361702128
dme-bantam-3p	0		
dme-miR-968-5p	1	0.3718643568270873	2.3895752895752898
dme-miR-1002-5p	3	0.04422094727791704	5.0706051873198845
dme-miR-iab-4-5p	0		
dme-miR-971-3p	0		
dme-miR-999-3p	1	0.4067036103046703	2.1204278812974464
dme-miR-960-5p	1	0.366977552206848	2.431318681318681
dme-miR-12-5p	1	0.36820236150703445	2.420754348250928
dme-miR-281-2-5p	1	0.220838181925382	4.518834399431414
dme-miR-124-5p	1	0.220838181925382	4.518834399431414
dme-miR-285-5p	0		
dme-miR-2493-5p	0		
dme-miR-2493-3p	1	0.39737393929984993	2.187988628287136
dme-miR-4985-3p	0		
dme-miR-1001-3p	0		
dme-miR-9383-3p	1	0.233971863995864	4.225441225441226
dme-miR-961-3p	2	0.4136935567822516	1.598910001472971
dme-miR-9377-3p	0		
dme-miR-961-5p	0		
dme-miR-4977-5p	2	0.5826305883662757	1.1126543209876543
dme-miR-957-5p	4	0.05747790259740962	3.970822281167109
dme-miR-1000-3p	1	0.41704820189212133	2.048955722639933
dme-miR-4982-5p	2	0.24181573668342993	2.493212669683258
dme-miR-1002-3p	0		
dme-miR-6-1-5p	0		
dme-miR-31a-3p	0		
dme-miR-31b-3p	0		
dme-miR-4955-3p	1	0.21147825095178596	4.750093248787766
dme-miR-1-5p	0		
dme-miR-979-5p	0		
dme-miR-309-5p	1	0.3997183098364597	2.1707231040564374
dme-miR-981-5p	0		
dme-miR-3645-3p	1	0.5470951328105638	1.37332408691632
dme-miR-4958-3p	1	0.14315822025026897	7.353142857142857
dme-miR-988-5p	1	0.47482606793831594	1.7052690898844745
dme-miR-927-3p	0		
dme-miR-1016-5p	3	0.05016884593732941	4.79835390946502
dme-miR-304-3p	0		
dme-miR-9b-3p	1	0.2416630268493033	4.068378812199037
dme-miR-2283-3p	3	0.014936526542493285	7.936659436008677
dme-miR-3644-3p	1	0.6806682622041798	0.9316841415465269
dme-miR-974-3p	2	0.1992801170531983	2.87008547008547
dme-miR-8-5p	1	0.45184219069926673	1.8318530784284208
dme-miR-9371-3p	2	0.23023789493345664	2.5856697819314642
dme-miR-4916-3p	3	0.11708988485456348	3.2263490520175013
dme-miR-993-5p	0		
dme-miR-9384-3p	2	0.32158268521734	1.9937910235941103
dme-miR-4949-3p	0		
dme-miR-966-5p	2	0.10114038867372055	4.498342541436464
dme-miR-9378-5p	1	0.2554311738648252	3.8107293550331525
dme-miR-9372-3p	0		
dme-miR-4979-5p	4	0.09152869204343946	3.2953503601833662
dme-miR-287-3p	0		
dme-miR-964-3p	4	0.015918724313332924	6.259546209186497
dme-miR-4963-5p	1	0.5894556512913245	1.2141305472225095
dme-miR-4984-3p	2	0.2913853438213386	2.1596351197263397
dme-miR-4944-3p	3	0.061697472789388697	4.375221238938053
dme-miR-2501-5p	1	0.7244901133797981	0.8171838407494145
dme-miR-314-5p	2	0.23802663397938206	2.5227520139342476
dme-miR-4917-3p	1	0.27682185304892465	3.460989010989011
dme-miR-2494-5p	0		
dme-miR-986-5p	0		
dme-miR-276a-3p	0		
dme-miR-276b-3p	0		
dme-miR-10-5p	1	0.0951568242632203	11.425044091710758
dme-miR-283-5p	1	0.61237419742303	1.1363237445148708
dme-miR-263a-5p	0		
dme-miR-314-3p	0		
dme-miR-985-3p	3	0.21520018813432212	2.3216035634743877
dme-miR-994-3p	1	0.42760889255338747	1.9794531629186216
dme-miR-963-3p	1	0.3078996806177121	3.038806694154742
dme-miR-4983-5p	0		
dme-miR-4985-5p	2	0.13218769444931364	3.791823899371069
dme-miR-4955-5p	0		
dme-miR-2489-5p	1	0.5489209762861714	1.3659995399125835
dme-miR-955-3p	0		
dme-miR-2497-3p	1	0.5088674254753561	1.5378603459320948
dme-miR-2c-5p	0		
dme-miR-4951-3p	0		
dme-miR-997-5p	0		
dme-miR-9375-5p	0		
dme-miR-278-5p	0		
dme-miR-4977-3p	2	0.039845841506096574	7.824626865671642
dme-miR-9371-5p	0		
dme-miR-2490-3p	1	0.3608222884504918	2.4854738529352836
dme-miR-9377-5p	0		
dme-miR-2491-5p	2	0.16040615539416894	3.3350111856823266
dme-miR-2495-5p	0		
dme-miR-4966-3p	1	0.41170421535499685	2.0854425004246644
dme-miR-4979-3p	1	0.48820775961215135	1.6368199701533035
dme-miR-987-3p	0		
dme-miR-954-3p	1	0.41170421535499685	2.0854425004246644
dme-miR-4950-3p	0		
dme-miR-4963-3p	2	0.18355641441537088	3.0406378600823047
dme-miR-4945-5p	2	0.23542633660849624	2.543421052631579
dme-miR-4919-3p	0		
dme-miR-4965-3p	0		
dme-miR-1003-3p	0		
dme-miR-1004-3p	0		
dme-miR-33-3p	6	0.0006062611859889645	14.036363636363637
dme-miR-1014-5p	0		
dme-miR-9379-3p	0		
dme-miR-317-5p	0		
dme-miR-92b-5p	1	0.1463483199078781	7.177455357142857
dme-miR-274-3p	2	0.40445712221304675	1.6327937649880095
dme-miR-2a-1-5p	2	0.09562634938928768	4.658295281582953
dme-miR-2501-3p	2	0.042743100062238075	7.51705565529623
dme-miR-137-5p	1	0.320608466188125	2.8895053166897826
dme-miR-962-3p	0		
dme-miR-252-5p	4	0.007469818143837367	7.978781656399726
dme-miR-4968-3p	0		
dme-miR-5-5p	0		
dme-miR-965-5p	0		
dme-miR-1001-5p	0		
dme-miR-954-5p	0		
dme-miR-4978-5p	0		
dme-miR-995-5p	0		
dme-miR-4980-3p	0		
dme-miR-981-3p	1	0.4162873855597021	2.0540947914922123
dme-miR-978-3p	0		
dme-miR-4913-3p	1	0.3227788710641184	2.865168539325843
dme-miR-967-3p	1	0.6448996322937465	1.034278535534817
dme-miR-977-5p	1	0.402054696325815	2.1537114845938374
dme-miR-989-5p	1	0.20999140956533527	4.788721804511278
dme-miR-3643-3p	1	0.29856737987520837	3.1564386317907447
dme-miR-8-3p	2	0.14504832913315843	3.567350579839429
dme-let-7-5p	0		
dme-miR-305-5p	0		
dme-miR-973-5p	1	0.4086313038857033	2.106842737094838
dme-miR-968-3p	2	0.1564756473485369	3.3912549687677456
dme-miR-984-5p	0		
dme-miR-997-3p	1	0.24309757265150497	4.040178571428571
dme-miR-13a-5p	0		
dme-miR-4959-5p	0		
dme-miR-263b-3p	3	0.012312766345636017	8.562747380675203
dme-miR-1004-5p	2	0.07971889152965296	5.2087029995775245
dme-miR-13b-1-5p	0		
dme-miR-9373-5p	2	0.3573167668225111	1.8238776517020228
dme-miR-4960-3p	0		
dme-miR-33-5p	3	0.08428372757561196	3.7872909698996655
dme-miR-274-5p	1	0.4357887584531843	1.927861089187056
dme-miR-281-3p	0		
dme-miR-4965-5p	0		
dme-miR-2281-5p	1	0.5630020079785584	1.3109830433337029
dme-miR-4972-5p	0		
dme-miR-9379-5p	1	0.3309711807979978	2.7761459724076545
dme-miR-133-5p	2	0.06551413811302764	5.86024551463645
dme-miR-317-3p	0		
dme-miR-4943-3p	0		
dme-miR-278-3p	0		
dme-miR-4941-3p	2	0.01992905910190353	11.516711833785005
dme-miR-3-3p	0		
dme-miR-309-3p	0		
dme-miR-318-3p	0		
dme-miR-966-3p	0		
dme-miR-2497-5p	3	0.012312766345636017	8.562747380675203
dme-miR-312-5p	0		
dme-miR-1009-3p	2	0.10325797786384297	4.440320232896652
dme-miR-9381-5p	0		
dme-miR-9380-3p	2	0.021897423562986892	10.936426116838488
dme-miR-14-3p	0		
dme-miR-2a-3p	0		
dme-miR-2b-3p	0		
dme-miR-2c-3p	0		
dme-miR-5-3p	0		
dme-miR-6-3p	0		
dme-miR-11-3p	0		
dme-miR-13a-3p	0		
dme-miR-13b-3p	0		
dme-miR-308-3p	0		
dme-miR-1010-3p	0		
dme-miR-927-5p	0		
dme-miR-125-3p	1	0.4806962841958946	1.6747956214493558
dme-miR-4966-5p	0		
dme-miR-990-3p	0		
dme-miR-3642-3p	0		
dme-bantam-5p	0		
dme-miR-4954-3p	1	0.2549600768505736	3.819087888855331
dme-miR-2500-3p	3	0.1447021414105239	2.893475366178429
dme-miR-4973-3p	1	0.2795719034346634	3.4198804997284085
dme-miR-932-3p	0		
dme-miR-277-5p	0		
dme-miR-1012-5p	0		
dme-miR-6-2-5p	0		
dme-miR-6-3-5p	0		
dme-miR-308-5p	0		
dme-miR-2a-2-5p	1	0.280943493918992	3.3996759384283015
dme-miR-990-5p	0		
dme-miR-4961-5p	0		
dme-miR-3-5p	1	0.32147735739558214	2.8797235023041474
dme-miR-4944-5p	3	0.023971344881242217	6.561783439490446
dme-miR-958-3p	0		
dme-miR-998-5p	0		
dme-miR-284-3p	0		
dme-miR-977-3p	0		
dme-miR-969-3p	0		
dme-miR-959-5p	1	0.2643326313472112	3.658359895682411
dme-miR-2498-3p	0		
dme-miR-3641-3p	0		
dme-miR-967-5p	0		
dme-miR-12-3p	0		
dme-miR-9388-3p	0		
dme-miR-303-5p	2	0.1227153976155996	3.9789612097304405
dme-miR-iab-8-5p	0		
dme-miR-964-5p	2	0.15041068202340688	3.482257126236184
dme-miR-2496-5p	1	0.320608466188125	2.8895053166897826
dme-miR-2282-3p	0		
dme-miR-2499-5p	0		
dme-miR-4986-3p	0		
dme-miR-219-3p	1	0.27360185528407327	3.510164299637984
dme-miR-9369-5p	0		
dme-miR-992-3p	1	0.366977552206848	2.431318681318681
dme-miR-983-3p	3	0.01597043569638591	7.728888888888889
dme-miR-4972-3p	0		
dme-miR-2491-3p	0		
dme-miR-87-3p	0		
dme-miR-11-5p	0		
dme-miR-316-3p	0		
dme-miR-34-3p	0		
dme-miR-932-5p	0		
dme-miR-281-1-5p	0		
dme-miR-2281-3p	1	0.41132086711816435	2.0880952380952382
dme-miR-958-5p	0		
dme-miR-9382-3p	0		
dme-miR-4915-5p	0		
dme-miR-962-5p	0		
dme-miR-31a-5p	0		
dme-miR-31b-5p	0		
dme-miR-9384-5p	0		
dme-miR-305-3p	0		
dme-miR-275-5p	0		
dme-miR-4952-5p	0		
dme-miR-193-3p	0		
dme-miR-288-3p	1	0.4664398820485711	1.7500721500721501
dme-miR-2b-1-5p	0		
dme-miR-2b-2-5p	0		
dme-miR-4908-3p	0		
dme-miR-4956-5p	0		
dme-miR-2a-2/2c	0		
dme-miR-1008-3p	0		
dme-miR-4964-3p	0		
dme-miR-279-5p	2	0.10930023590085367	4.284054910242872
dme-miR-4987-5p	0		
dme-miR-996-5p	0		
dme-miR-4962-5p	0		
dme-miR-14-5p	0		
dme-miR-985-5p	0		
dme-miR-92a-3p	0		
dme-miR-92b-3p	0		
dme-miR-310-3p	0		
dme-miR-311-3p	0		
dme-miR-312-3p	0		
dme-miR-313-3p	0		
dme-miR-1007-5p	0		
dme-miR-4918-5p	0		
dme-miR-4912-5p	0		
dme-miR-304-5p	0		
dme-miR-971-5p	0		
dme-miR-125-5p	0		
dme-miR-976-3p	1	0.5473998883700186	1.372098394733803
dme-miR-993-3p	0		
dme-miR-988-3p	0		
dme-miR-252-3p	2	0.05419819882924101	6.552755905511811
dme-miR-1015-3p	0		
dme-miR-313-5p	1	0.3266703148362557	2.8223327305605785
dme-miR-iab-4-3p	0		
dme-miR-4970-5p	1	0.20401948366935727	4.949534161490683
dme-miR-4962-3p	0		
dme-miR-4957-5p	0		
dme-miR-4940-3p	0		
dme-miR-975-5p	0		
dme-miR-13b-2-5p	0		
dme-miR-983-5p	0		
dme-miR-375-3p	2	0.2147803431156458	2.7202048417132216
dme-miR-4957-3p	0		
dme-miR-4919-5p	0		
dme-miR-9376-5p	0		
dme-miR-984-3p	0		
dme-miR-980-3p	0		
dme-miR-4968-5p	0		
dme-miR-4976-3p	0		
dme-miR-307a-5p	0		
dme-miR-9383-5p	0		
dme-miR-190-3p	0		
dme-miR-979-3p	0		
dme-miR-9376-3p	0		
dme-miR-976-5p	0		
dme-miR-306-5p	0		
dme-miR-9380-5p	0		
dme-miR-4981-3p	0		
dme-miR-4942-3p	0		
dme-miR-9375-3p	0		
dme-miR-4948-5p	0		
dme-miR-974-5p	0		
dme-miR-276a-5p	0		
dme-miR-276b-5p	0		
dme-miR-2535b-3p	0		
dme-miR-970-5p	0		
dme-miR-282-3p	0		
dme-miR-307b-5p	0		
dme-miR-2490-5p	0		
dme-miR-9370-3p	0		
dme-miR-9385-3p	0		
dme-miR-286-5p	0		
dme-miR-219-5p	0		
dme-miR-1010-5p	1	0.3420411340724422	2.6625320786997433
dme-miR-184-5p	2	0.08167502106227532	5.1325
dme-miR-929-3p	0		
dme-miR-100-3p	0		
dme-miR-4971-5p	0		
dme-miR-311-5p	0		
dme-miR-1016-3p	0		
dme-miR-991-5p	1	0.3166863960537639	2.9343185550082103
dme-miR-969-5p	1	0.25825228628772035	3.761309523809524
dme-miR-306-3p	0		
dme-miR-4951-5p	2	0.008738648775817056	17.96234309623431
dme-miR-999-5p	0		
dme-miR-184-3p	0		
dme-miR-92a-5p	0		
dme-miR-4969-3p	0		
dme-miR-2496-3p	0		
dme-miR-963-5p	0		
dme-miR-275-3p	0		
dme-miR-375-5p	0		
dme-miR-307b-3p	0		
dme-miR-960-3p	0		
dme-miR-1007-3p	0		
dme-miR-992-5p	0		
dme-miR-4987-3p	0		
dme-miR-9385-5p	0		
dme-miR-982-5p	0		
dme-miR-2495-3p	0		
dme-miR-4952-3p	0		
dme-miR-994-5p	0		
dme-miR-2500-5p	0		
dme-miR-87-5p	0		
dme-miR-282-5p	0		
dme-miR-4954-5p	0		
dme-miR-957-3p	0		
dme-miR-4974-5p	0		
dme-miR-4941-5p	0		
dme-miR-986-3p	0		
dme-miR-285-3p	0		
dme-miR-995-3p	0		
dme-miR-998-3p	0		
dme-miR-100-5p	1	0.04540424954843941	24.843809523809522
