"miRNAs"	"n_geneset"	"hyper_pval"	"OR"	"rFDRc_q"
"dme-miR-33-3p"	6	0.000606261185988965	14.0363636363636	0.106864925102333
"dme-miR-2283-5p"	7	0.00160404957512165	15.5949803149606	0.106864925102333
"dme-miR-2279-5p"	7	0.00194140996334236	14.9521874252929	0.113601877015141
"dme-miR-973-3p"	3	0.00539734056757086	11.7366771159875	0.139764590693379
"dme-miR-210-5p"	4	0.00585578196173604	8.60322108345534	0.175730858826772
"dme-miR-2280-3p"	5	0.00604685141328444	7.75718390804598	0.187204564965908
"dme-miR-252-5p"	4	0.00746981814383737	7.97878165639973	0.188082081109084
"dme-miR-4951-5p"	2	0.00873864877581706	17.9623430962343	0.192390621778292
"dme-miR-263b-3p"	3	0.012312766345636	8.5627473806752	0.200202976368985
"dme-miR-2497-5p"	3	0.012312766345636	8.5627473806752	0.200202976368985
"dme-miR-7-3p"	6	0.0126096610100587	6.79930278884462	0.202026236073337
"dme-miR-2283-3p"	3	0.0149365265424933	7.93665943600868	0.203020869342796
"dme-miR-1008-5p"	6	0.0149741556727805	6.48517715112075	0.206403987545996
"dme-miR-964-3p"	4	0.0159187243133329	6.2595462091865	0.206652216065419
"dme-miR-983-3p"	3	0.0159704356963859	7.72888888888889	0.210710179970597
"dme-miR-4941-3p"	2	0.0199290591019035	11.516711833785	0.211295951328935
"dme-miR-1013-3p"	4	0.0203215386363725	5.76883384932921	0.214472311120446
"dme-miR-9380-3p"	2	0.0218974235629869	10.9364261168385	0.217083936982259
"dme-miR-4953-3p"	6	0.0222751198733895	5.79026133571588	0.219407616283468
"dme-miR-4944-5p"	3	0.0239713448812422	6.56178343949045	0.220150563294712
"dme-miR-303-3p"	4	0.0353701900567846	4.75603334795963	0.240129922657836
"dme-miR-4977-3p"	2	0.0398458415060966	7.82462686567164	0.297378222480616
"dme-miR-2501-3p"	2	0.0427431000622381	7.51705565529623	0.308023223618082
"dme-miR-989-3p"	2	0.0438682335077694	7.40589970501475	0.312216139378756
"dme-miR-1002-5p"	3	0.044220947277917	5.07060518731988	0.319438887784426
"dme-miR-100-5p"	1	0.0454042495484394	24.8438095238095	0.322560688054319
"dme-miR-1016-5p"	3	0.0501688459373294	4.79835390946502	0.32752984081498
"dme-miR-252-3p"	2	0.054198198829241	6.55275590551181	0.328685221721463
"dme-miR-957-5p"	4	0.0574779025974096	3.97082228116711	0.341909245445917
"dme-miR-4944-3p"	3	0.0616974727893887	4.37522123893805	0.350594274012209
"dme-miR-133-5p"	2	0.0655141381130276	5.86024551463645	0.363422566795445
"dme-miR-4943-5p"	7	0.0674705552427121	5.59270433351618	0.371746213937699
"dme-miR-1004-5p"	2	0.079718891529653	5.20870299957752	0.376861261797542
"dme-miR-4975-5p"	3	0.0806470334086821	3.86696935300795	0.411494821462325
"dme-miR-184-5p"	2	0.0816750210622753	5.1325	0.412720271501093
"dme-miR-33-5p"	3	0.084283727575612	3.78729096989967	0.413649522835723
"dme-miR-289-5p"	5	0.0866878858673417	3.35361653272101	0.418553355551692
"dme-miR-4979-5p"	4	0.0915286920434395	3.29535036018337	0.421666735286864
"dme-miR-10-5p"	1	0.0951568242632203	11.4250440917108	0.423459543201145
"dme-miR-2a-1-5p"	2	0.0956263493892877	4.65829528158295	0.424488517152059
"dme-miR-980-5p"	4	0.0994645716716468	3.18170226330889	0.424770092454668
"dme-miR-966-5p"	2	0.101140388673721	4.49834254143646	0.426117734811718
"dme-miR-1009-3p"	2	0.103257977863843	4.44032023289665	0.428047036210382
"dme-miR-279-5p"	2	0.109300235900854	4.28405491024287	0.431474861150506
"dme-miR-4916-3p"	3	0.117089884854563	3.2263490520175	0.440923393397636
"dme-miR-956-5p"	3	0.121012664173209	3.17315436241611	0.455194825140496
"dme-miR-303-5p"	2	0.1227153976156	3.97896120973044	0.458962722598594
"dme-miR-2492-3p"	4	0.123732358388041	2.89258160237389	0.460317703699101
"dme-miR-4985-5p"	2	0.132187694449314	3.79182389937107	0.461294664390339
"dme-miR-4967-5p"	3	0.142353872834131	2.9184622261958	0.464018797492213
"dme-miR-4939-3p"	1	0.143158220250269	7.35314285714286	0.465247897900189
"dme-miR-4958-3p"	1	0.143158220250269	7.35314285714286	0.465247897900189
"dme-miR-2500-3p"	3	0.144702141410524	2.89347536617843	0.467426233491377
"dme-miR-8-3p"	2	0.145048329133158	3.56735057983943	0.47395132311875
"dme-let-7-3p"	3	0.14529172890658	2.88728400531679	0.475527987246733
"dme-miR-92b-5p"	1	0.146348319907878	7.17745535714286	0.476453765891004
"dme-miR-964-5p"	2	0.150410682023407	3.48225712623618	0.47974066428904
"dme-miR-968-3p"	2	0.156475647348537	3.39125496876775	0.48229248191897
"dme-miR-2491-5p"	2	0.160406155394169	3.33501118568233	0.489656341206777
"dme-miR-929-5p"	2	0.174568272262748	3.14808917197452	0.503325223009464
"dme-miR-9370-5p"	2	0.17747847061087	3.11242448121881	0.507495600729336
"dme-miR-4963-3p"	2	0.183556414415371	3.0406378600823	0.508309224128337
"dme-miR-315-3p"	2	0.184008388823239	3.03543913713405	0.50923510745436
"dme-miR-2279-3p"	1	0.19397846702514	5.24220032840723	0.509898226166704
"dme-miR-974-3p"	2	0.199280117053198	2.87008547008547	0.5113295221693
"dme-miR-4970-5p"	1	0.204019483669357	4.94953416149068	0.512849610997429
"dme-miR-989-5p"	1	0.209991409565335	4.78872180451128	0.513473837590806
"dme-miR-4955-3p"	1	0.211478250951786	4.75009324878777	0.514938896940894
"dme-miR-375-3p"	2	0.214780343115646	2.72020484171322	0.515377124737561
"dme-miR-985-3p"	3	0.215200188134322	2.32160356347439	0.515989381317539
"dme-miR-281-2-5p"	1	0.220838181925382	4.51883439943141	0.516395403945408
"dme-miR-124-5p"	1	0.220838181925382	4.51883439943141	0.516395403945408
"dme-miR-9369-3p"	3	0.224331689864103	2.26523480160175	0.516863905573135
"dme-miR-4973-5p"	1	0.225725299857335	4.40568654646325	0.517704919415693
"dme-miR-9371-3p"	2	0.230237894933457	2.58566978193146	0.518507540376422
"dme-miR-2499-3p"	1	0.231070131089237	4.28740290442418	0.518632755480899
"dme-miR-9383-3p"	1	0.233971863995864	4.22544122544123	0.51886778449048
"dme-miR-4945-5p"	2	0.235426336608496	2.54342105263158	0.519142827109715
"dme-miR-137-3p"	2	0.236135117667986	2.53775443204202	0.519422477145937
"dme-miR-314-5p"	2	0.238026633979382	2.52275201393425	0.51975397582348
"dme-miR-9b-3p"	1	0.241663026849303	4.06837881219904	0.519770552400044
"dme-miR-4982-5p"	2	0.24181573668343	2.49321266968326	0.51979784996089
"dme-miR-997-3p"	1	0.243097572651505	4.04017857142857	0.519810380773057
"dme-miR-972-5p"	4	0.254189376337841	2.02049274694911	0.519980591997016
"dme-miR-4954-3p"	1	0.254960076850574	3.81908788885533	0.520665235249378
"dme-miR-9378-5p"	1	0.255431173864825	3.81072935503315	0.521318822662012
"dme-miR-4961-3p"	3	0.256559427577518	2.08719699556163	0.521577425792545
"dme-miR-969-5p"	1	0.25825228628772	3.76130952380952	0.52193019842261
"dme-miR-959-5p"	1	0.264332631347211	3.65835989568241	0.522596176822467
"dme-miR-4910-5p"	3	0.26653625524135	2.03766756032172	0.523412680109689
"dme-miR-280-5p"	3	0.266718575403163	2.03678391959799	0.523531534645786
"dme-miR-318-5p"	1	0.271294182927903	3.54611923509561	0.523686552897098
"dme-miR-219-3p"	1	0.273601855284073	3.51016429963798	0.523972052135137
"dme-miR-4917-3p"	1	0.276821853048925	3.46098901098901	0.524270836868961
"dme-miR-4973-3p"	1	0.279571903434663	3.41988049972841	0.525145554729032
"dme-miR-2a-2-5p"	1	0.280943493918992	3.3996759384283	0.52590229019932
"dme-miR-4958-5p"	1	0.286860685092194	3.31470743278861	0.526090806575406
"dme-miR-4984-3p"	2	0.291385343821339	2.15963511972634	0.526555299514422
"dme-miR-970-3p"	1	0.297672873767389	3.1680969207471	0.526855344210053
"dme-miR-3643-3p"	1	0.298567379875208	3.15643863179074	0.527398056087013
"dme-miR-4984-5p"	1	0.306573182994332	3.05509507557289	0.527990866980074
"dme-miR-963-3p"	1	0.307899680617712	3.03880669415474	0.528251495289484
"dme-miR-4983-3p"	2	0.311187501554072	2.04829339143065	0.528450414968985
"dme-miR-978-5p"	1	0.313183494204014	2.97527929641074	0.528610809051357
"dme-miR-991-5p"	1	0.316686396053764	2.93431855500821	0.529020933128774
"dme-miR-4982-3p"	1	0.317559675062917	2.92424596679916	0.529513570996388
"dme-miR-2280-5p"	1	0.317995948242506	2.91923436041083	0.529873280976144
"dme-miR-137-5p"	1	0.320608466188125	2.88950531668978	0.530009882497617
"dme-miR-2496-5p"	1	0.320608466188125	2.88950531668978	0.530009882497617
"dme-miR-3-5p"	1	0.321477357395582	2.87972350230415	0.53045867019285
"dme-miR-9384-3p"	2	0.32158268521734	1.99379102359411	0.530808501450612
"dme-miR-4913-3p"	1	0.322778871064118	2.86516853932584	0.531286944961933
"dme-miR-313-5p"	1	0.326670314836256	2.82233273056058	0.53186546400677
"dme-miR-9374-5p"	1	0.329253727718655	2.79444693237797	0.532064678707236
"dme-miR-9379-5p"	1	0.330971180797998	2.77614597240765	0.532362702751018
"dme-miR-1010-5p"	1	0.342041134072442	2.66253207869974	0.533060073314808
"dme-miR-959-3p"	1	0.344993982019994	2.63343915343915	0.533426992069863
"dme-miR-3645-5p"	1	0.35378306976285	2.54967159277504	0.533940555175639
"dme-miR-9373-5p"	2	0.357316766822511	1.82387765170202	0.53474176285456
"dme-miR-2490-3p"	1	0.360822288450492	2.48547385293528	0.535396351541042
"dme-miR-3642-5p"	1	0.361646004159299	2.47812187812188	0.535734013030641
"dme-miR-960-5p"	1	0.366977552206848	2.43131868131868	0.535883369410449
"dme-miR-992-3p"	1	0.366977552206848	2.43131868131868	0.535883369410449
"dme-miR-277-3p"	2	0.368142615859288	1.77702702702703	0.536278108445907
"dme-miR-12-5p"	1	0.368202361507034	2.42075434825093	0.53685351744735
"dme-miR-968-5p"	1	0.371864356827087	2.38957528957529	0.537367092562924
"dme-miR-iab-8-3p"	1	0.39541418138228	2.20257464688003	0.537628953194245
"dme-miR-2493-3p"	1	0.39737393929985	2.18798862828714	0.538044278629519
"dme-miR-309-5p"	1	0.39971830983646	2.17072310405644	0.539697801101658
"dme-miR-977-5p"	1	0.402054696325815	2.15371148459384	0.540506083043979
"dme-miR-274-3p"	2	0.404457122213047	1.63279376498801	0.540619240209894
"dme-miR-999-3p"	1	0.40670361030467	2.12042788129745	0.540972909883692
"dme-miR-193-5p"	1	0.407860885117766	2.11225717723913	0.54150979373928
"dme-miR-973-5p"	1	0.408631303885703	2.10684273709484	0.541769689341008
"dme-miR-2281-3p"	1	0.411320867118164	2.08809523809524	0.541873844495285
"dme-miR-4966-3p"	1	0.411704215354997	2.08544250042466	0.542758676496019
"dme-miR-954-3p"	1	0.411704215354997	2.08544250042466	0.542758676496019
"dme-miR-961-3p"	2	0.413693556782252	1.59891000147297	0.543910021533816
"dme-miR-981-3p"	1	0.416287385559702	2.05409479149221	0.544703077212209
"dme-miR-3641-5p"	1	0.417048201892121	2.04895572263993	0.545079981840386
"dme-miR-1000-3p"	1	0.417048201892121	2.04895572263993	0.545079981840386
"dme-miR-994-3p"	1	0.427608892553387	1.97945316291862	0.545916178585835
"dme-miR-982-3p"	1	0.434679380614851	1.93474817865062	0.546959809083452
"dme-miR-274-5p"	1	0.435788758453184	1.92786108918706	0.547951489382825
"dme-miR-210-3p.1"	1	0.441307123232962	1.89409937888199	0.54856351579246
"dme-miR-4909-3p"	2	0.445802367317522	1.48861111111111	0.548781733634316
"dme-miR-8-5p"	1	0.451842190699267	1.83185307842842	0.551623783107152
"dme-miR-288-3p"	1	0.466439882048571	1.75007215007215	0.554846057875429
"dme-miR-988-5p"	1	0.474826067938316	1.70526908988447	0.560378619164071
"dme-miR-125-3p"	1	0.480696284195895	1.67479562144936	0.564211993392843
"dme-miR-4979-3p"	1	0.488207759612151	1.6368199701533	0.568874171590082
"dme-miR-4969-5p"	1	0.495958849428088	1.5987785448752	0.574101942194764
"dme-miR-9c-3p"	1	0.503276622222705	1.56388238355451	0.581143111781879
"dme-miR-2497-3p"	1	0.508867425475356	1.53786034593209	0.584781618261684
"dme-miR-316-5p"	1	0.524357119462716	1.4684928141506	0.587480029678695
"dme-miR-9372-5p"	1	0.527846024135927	1.45339498661475	0.590143595011544
"dme-miR-3645-3p"	1	0.547095132810564	1.37332408691632	0.59277298490641
"dme-miR-976-3p"	1	0.547399888370019	1.3720983947338	0.595368852909634
"dme-miR-2489-5p"	1	0.548920976286171	1.36599953991258	0.597931836009279
"dme-miR-283-3p"	1	0.551345413828782	1.35634285714286	0.600462555156202
"dme-miR-4-3p"	1	0.553156251920493	1.34918107370337	0.602961615765622
"dme-miR-2281-5p"	1	0.563002007978558	1.3109830433337	0.60542960819995
"dme-miR-1011-3p"	1	0.564771601430823	1.3042471042471	0.607867108233726
"dme-miR-9388-5p"	2	0.566125911574891	1.15194746376812	0.610274677501437
"dme-miR-4977-5p"	2	0.582630588366276	1.11265432098765	0.612652863928939
"dme-miR-4963-5p"	1	0.589455651291324	1.21413054722251	0.615002202149169
"dme-miR-283-5p"	1	0.61237419742303	1.13632374451487	0.617323213902836
"dme-miR-972-3p"	1	0.633405953419059	1.0693032711144	0.619616408424689
"dme-miR-967-3p"	1	0.644899632293746	1.03427853553482	0.621882282815995
"dme-miR-4-5p"	1	0.679994033359615	0.933535734799376	0.624121322403773
"dme-miR-3644-3p"	1	0.68066826220418	0.931684141546527	0.626334001087342
"dme-miR-987-5p"	1	0.682012991920878	0.928	0.628520781672708
"dme-miR-4974-3p"	2	0.696927043888215	0.869270260359369	0.630682116195267
"dme-miR-991-3p"	1	0.704127560332229	0.869021906818883	0.632818446231315
"dme-miR-2501-5p"	1	0.724490113379798	0.817183840749415	0.634930203198808
"dme-miR-1014-3p"	1	0.730935067690426	0.801223461676862	0.637017808647804
"dme-miR-1000-5p"	1	0.743244921741342	0.771289198606272	0.639081674540993
"dme-miR-315-5p"	1	0.833311508267308	0.569148936170213	0.641122203524716
"dme-miR-4911-3p"	1	0.834452229273922	0.566722561800184	0.643139789190834
"dme-miR-4946-5p"	1	0.846556610544097	0.541084462982273	0.645134816329827
